Abbruchmannschaft,0
Abdeckziegel,1
Abdriftmesser,1
Abdruckplatte,0
Abduktionsmuskel,1
Abendgottesdienst,1
Abfallaufbereitung,0
Abgas-Manipulation,0
Abgaskamin,1
Abgeordnetenzahl,0
Abholdienst,1
Abkühlpause,0
Ablationskatheter,1
Ablaufmasse,0
Abrechnungsbeleg,1
Absatz,1
Absaugtrichter,1
Abscherstift,1
Abschiedsbrief,1
Abschrägen,2
Absetzen,2
Absolutgeschwindigkeit,0
Absorptionsfarbstoff,1
Absprunggeschwindigkeit,0
Abstammungsgutachten,2
Abstammungskoeffizient,1
Abstammung,0
Abstandnahme,0
Abstandswarner,1
Abstiegsplatz,1
Abweichlerin,0
Abwälzfräser,1
Abänderungsgesetz,2
Acarinosis,0
Acerola-Kirsche,0
Achat,1
Achsdruckentlastung,0
Achselbehaarung,0
Achtender,1
Ackermannfunktion,0
Ackerschleppe,0
Adaptiogenese,0
Addierbefehl,1
Additionstheorem,2
Additionsverbindung,0
Addivität,0
Adduktorenspasmus,1
Adduktor,1
Adhäsionsprophylaxe,0
Adoptivvater,1
Adrenochrom,2
Adressaufkleber,1
Adressmodus,1
Adsorption,0
Advent,1
Agenturgebühr,0
Aggregationsprozess,1
Agmatin,2
Agrargeschichte,0
Agrinierit,1
Akipflaume,0
Akkommodationsfehler,1
Akkordvariation,0
Akkordzeit,0
Aklimait,1
Akremoniose,0
Aktieninhaberin,0
Aktivierungsverzögerung,0
Alaunstein,1
Albanologie,0
Albertseekauz,1
Albumtitel,1
Algenfilter,1
Aliud,2
Alkoholsüchtige,0
Alkuin,1
Allgemeingültigkeit,0
Alloarthroplastik,0
Allsatz,1
Allseitenrolle,0
Alpakapullover,1
Alpenbahn,0
Alpensüdseite,0
Alphitomantie,0
Altglascontainer,1
Altgrabung,0
Altpapiersammeln,2
Altpapier,2
Alveolarlimbus,1
Amarant,1
Ambulacralfeld,2
Ambulanzflugzeug,2
Amosbuch,2
Amtsgerichtsbezirk,1
Analdurchmesser,1
Analysebaum,1
Analysemodell,2
Anaphorik,0
Anbauwand,0
Anden-Nachtaffe,1
Andenamazilie,0
Anderson-Hörnchen,2
Anellierung,0
Anfangserregungsgeschwindigkeit,0
Anfangsnotierung,0
Anfangszwischenraum,1
Anforderungsquelle,0
Angebotskurve,0
Angiorhexis,0
Angriffsorgan,0
Ankerkraftkontrollgerät,2
Ankopplung,0
Ankörnschablone,0
Anlageform,0
Anlagenvariante,0
Anlockungsmittel,2
Ann-Arbor-Modell,2
Annihilation,0
Annäherungsfühler,1
Anreiseweg,1
Anschleichjäger,1
Anschlussbelegungsplan,1
Anschlussverbot,2
Anschlusszug,1
Anschriftenverzeichnis,2
Anstandsregel,0
Ansteuereinrichtung,0
Ansuchen,2
Antennenfuß,1
Antidot,2
Antigorit,1
Antilope,0
Antinozizeption,0
Antisemitismusvorwurf,1
Antriebssteuerungschrank,1
Anwendungsprogrammierer,1
Anzeigenvertreter,1
Anzugsdrehmoment,2
Anzünden,2
Anästhesiebogen,1
Anästhesieerfolg,1
Apographon,2
Apostolicum,2
Appretbrecher,1
Aprikosenkonfitüre,0
Araberspecht,1
Arantal,2
Arasittich,1
Arbeiterbier,2
Arbeitergewerkschaft,0
Arbeitgeberseite,0
Arbeitnehmervertreterin,0
Arbeitsbereicherung,0
Arbeitslänge,0
Arbeitsmarktforschung,0
Arbeitsprobe,0
Arbeitsstoff,1
Architektursoziologie,0
Argumentationsstrategie,0
Argus,1
Armenpfleger,1
Armkettchen,2
Artgenosse,1
Arzneiregime,2
Arztpraxis,0
Asebie,0
Asexueller,1
Ashcroftin-(Y),1
Asselbornit,1
Assistentenstelle,0
Assumtion,0
Atemzeit,0
Atharwaweda,1
Atlas-Mohn,1
Atmosphärenwissenschaftler,1
Atombindung,0
Atomfrequenznormal,2
Atomwaffenprogramm,2
Atropin,2
Attributsprüfung,0
Audienzraum,1
Audio-Editing,2
Audioverstärker,1
Auffangbehälter,1
Aufgabenspektrum,2
Aufgrundlaufen,2
Aufklärungssatellit,1
Aufladen,2
Aufnahmegefäß,2
Aufsattelpunkt,1
Aufsichtstätigkeit,0
Aufstiegsbereich,1
Auftragsbestand,1
Auftragsrückgang,1
Aufwärtskompatibilität,0
Aufzeichnungszeitraum,1
Augenfarbentafel,0
Augenfleckbärbling,1
Augenglas,2
Aurorafruchttaube,0
Ausbildungsbataillon,2
Ausdreschen,2
Ausgabeliste,0
Ausgabename,1
Ausgabenzuwachs,1
Ausgabeprotokoll,2
Ausgrabungsstätte,0
Auslandslieferung,0
Auslandsnachfrage,0
Ausleihtheke,0
Ausnutzungsabweichung,0
Ausstellungshalle,0
Aussteuerungsreserve,0
Aussüßung,0
Austrieb,1
Auswahlfaktor,1
Automatisieren,2
Automorphismengruppe,0
Autoreparatur,0
Autorotation,0
Autosporenbildung,0
Autotelefon,2
Auxologe,1
Außendruck,1
Außenkelch,1
Außenohrentzündung,0
Außenring,1
Außenwandfühler,1
Azephalothorus,1
Aztekenmöwe,0
Azurfischer,1
B-Mannschaft,0
Backpropagation,0
Badeweiher,1
Bahnbewegung,0
Bahnhofsinneres,2
Bahuvrihi,2
Bainbridge-Reflex,1
Baker-Gletscher,1
Bakerinsel,0
Bakterienbrand,1
Bakteriurie,0
Ballonsegel,2
Bandantriebsrolle,0
Bandspannung,0
Bangemachen,2
Bara-Shigri-Gletscher,1
Barockspiegel,1
Barrierequalität,0
Barton-Reaktion,0
Bartschwein,2
Baryon,2
Base,2
Baskenmützen-Zackenbarsch,1
Basketballspieler,1
Basler,1
Bassoboe,0
Bastardschwamm,1
Batterieschublade,0
Bauchschmerz,1
Bauchtanzlehrerin,0
Bauchverletzung,0
Baufirma,0
Baumgestell,2
Baumskink,1
Bauschkraft,0
Bausteinprinzip,2
Bauteilsicherheit,0
Bautradition,0
Bearbeitbarkeit,0
Bearbeiter,1
Bedienbühne,0
Bedientableau,2
Bedienungspersonal,2
Befehlsform,0
Befestigungskonsole,0
Befestigungslasche,0
Befeuchten,2
Begeisterungsfähigkeit,0
Begleitheizung,0
Begrenzungsregister,2
Behang,1
Beharren,2
Beharrungszustand,1
Beinverlängerung,0
Beiwagenfahrer,1
Bekleidungsgegenstand,1
Belastungsprüfstand,1
Belastungsspitze,0
Belegungsplan,1
Beleidiger,1
Belüftungsschacht,1
Benedict-Lösung,0
Benzamidoessigsäure,0
Beobachtungsbereich,1
Beratungsleistung,0
Berechnungsschritt,1
Bergampfer,1
Bergdrongo,1
Bergelohn,1
Berglandschaft,0
Bergsalangane,0
Bergwald-Perlmutterfalter,1
Bergwolfspinne,0
Bernsteinschnecke,0
Berufsfischer,1
Berufsperspektive,0
Berufsrente,0
Berührungsfläche,0
Bescheid,1
Beschichtungsdicke,0
Beschäftigungsausschuss,1
Beschäftigungsplanung,0
Besenwagen,1
Besetzungsplan,1
Besiedlungsmuster,2
Bestattungsart,0
Besucherausweis,1
Betonchemie,0
Betonfestigkeit,0
Betonspritzen,2
Betriebsbelastung,0
Betriebsphase,0
Betriebsratvorsitzender,1
Betriebsüberwachung,0
Bettelstab,1
Bettgitter,2
Beutefisch,1
Bevölkerungsprognose,0
Bewehrungsstahl,1
Bewerten,2
Bewusstseinstrübung,0
Bewölkungszunahme,0
Bezugsadresse,0
Bezugszeichen,2
Biathlet,1
Bibliophiler,1
Bierflaschenverschluss,1
Bildanalyse,0
Bildbegrenzung,0
Bilderbuchehe,0
Bildschirmmaske,0
Bildungspass,1
Bimsschicht,0
Bimusikalität,0
Bindebikini,1
Bindegewebsentzündung,0
Bindungsvermögen,2
Biostratigrafie,0
Biozönometer,2
Birkhahn,1
Bisssperre,0
Bitmustergenerator,1
Blancmanger,2
Blasen-Rektum-Fistel,0
Blasinstrumentenmarkt,1
Blauflügel-Blattvogel,1
Blauparadiesvogel,1
Blazewinkel,1
Bleiabbau,1
Bleibaum,1
Bleihammer,1
Blinkerschalter,1
Blockkoeffizient,1
Blockparität,0
Bloomer-Kostüm,2
Blumenkohlqualle,0
Blutbürzelarassari,1
Blutdopingmittel,2
Blutspecht,1
Bläser,1
Blütenarchitektur,0
Bodenbewuchs,1
Bodensediment,2
Bodenwiderstand,1
Bodenzoologie,0
Bokharaklee,1
Bolzenbohrung,0
Bombenwurfmechanismus,1
Bonden,2
Bongo-Ständer,1
Bordelese,1
Bordschomi,2
Botanikerin,0
Botschafterin,0
Bottensee,0
Brandmauer,0
Bratwurststand,1
Brauchwasserpumpe,0
Braunhals-Nachtschwalbe,0
Braunscheitelpapagei,1
Braunschwanz-Luzon-Baumratte,0
Braunzitterdrossel,0
Breitbildfernseher,1
Bremsarbeit,0
Bremserhaus,2
Bremsfußhebel,1
Brennschema,2
Brennwertbestimmungsgerät,2
Bretylium,2
Briefmarkentrennung,0
Briefwechsel,1
Brigade,0
Brombeersaft,1
Bromodermie,0
Bromyrit,1
Brotbeutel,1
Bruchlinie,0
Bruderhass,1
Brummtopf,1
Brutgebiet,2
Bröckeligkeit,0
Brückendeck,2
Brücke,0
Brüderchen-Langflügelfledermaus,0
Buccalganglion,2
Buchkante,0
Buchprüfung,0
Buchrücken,1
Buchstabenorakel,2
Buchungsvorgang,1
Buchungszeitraum,1
Buckellachs,1
Budgetbericht,1
Bullektomie,0
Bunddraht,1
Bundesgebiet,2
Bundeshaft,0
Bundesverdienstkreuz,2
Bungeejumping,2
Buntlack,1
Buntmesser,2
Buntwarzen-Honigfresser,1
Burggrafschaft,0
Burgunderschinken,1
Burzeldorn,1
Buschwerk,2
Bussardküken,2
Bußordnung,0
Byzantinischblau,2
Bändchen-Hochtöner,1
Böschungswinkel,1
Bügeltisch,1
Bühnenfestspiel,2
Bürgerrechtsgruppierung,0
Büroflächenbelegung,0
Bürstenabstrich,1
Bürstenkontakt,1
Büschel-Glockenblume,0
Büste,0
Cabanistangare,0
Calamian-Hirsch,1
Calciodelrioit,1
Calciumoxalat,2
Callosotomie,0
Candidabesiedelung,0
Canophobie,0
Capillitium,2
Caravan,1
Carolina-Algenfarn,1
Cassavastärke,0
CD-RW-Laufwerk,2
Celebeshornvogel,1
Ceruloplasmin,2
Cerverbindung,0
Chador,1
Chefhändler,1
Chefkochmesser,2
Cheflektor,1
Chephren-Pyramide,0
Chinesischwörterbuch,2
Chitinase,0
Chlorierungskessel,1
Chlorophyllsynthase,0
Chokospecht,1
Choraußenwand,0
Chorfrau,0
Chorgebet,2
Chromosom,2
Chronizität,0
Chylus,1
Cinderella-Spitzmaus,0
Clinometaborit,1
Clown-Anemonenfisch,1
Clubmanagerin,0
Cobaltit,1
Codetabelle,0
Codiervereinbarung,0
Coeloblastula,0
Coelomkompartiment,2
Computerauswertung,0
Computerwurm,1
Containerfrachtbrief,1
Coxalplatte,0
Crimpkontakt,1
Crowding-Effekt,1
Currygericht,2
Curschmann-Batten-Steinert-Syndrom,2
D'Ansit,1
Dachausbesserung,0
Dahergelaufener,1
Damasttischtuch,2
Dankbrief,1
Dankesschreiben,2
Darlehensberater,1
Datei-Manager,1
Datenbankadministratorin,0
Datenempfang,1
Datenentschlüsseler,1
Datenkettung,0
Datenlese,0
Datennetz,2
Datenorganisation,0
Datenpiraterie,0
Datenreichweite,0
Datenunterdrückung,0
Datenverarbeitungsschule,0
Datenverwaltung,0
Datenwortlänge,0
Datenwörterbuch,2
Datenübermittlungssystem,2
Daueraufenthaltsberechtigung,0
Dauerbefehl,1
Dauerfrostboden,1
Dauergenauigkeit,0
Dauergeschwindigkeit,0
Dauerpropaganda,0
Dauervertrag,1
Daumenregister,2
Debütsieg,1
Deckelgriff,1
Deckenlautsprecher,1
Deckleiste,0
Degenschnabelkolibri,1
Dehydratisierungsmittel,2
Dekatieren,2
Dekubitusprophylaxe,0
Delaunay-Triangulation,0
Deliktsfähigkeit,0
Delta-Trinker,1
Demicheleit-(Cl),1
Dengue-Fieber,2
Denkfaulheit,0
Denkmalschutzbehörde,0
Depressionszeit,0
Derbywallaby,2
Desinfektionsbehälter,1
Diabetesversorgung,0
Diagonalmatrix,0
Diamantlack,1
Diatomeenflora,0
Dickdarmpassagezeit,0
Dickschnabel-Blattvogel,1
Dickzissel,1
Dienstamt,2
Dienstbotentreppe,0
Dienstjubiläum,2
Differentialgehäuse,2
Differenzbetrieb,1
Differenzialkinematik,0
Differenzierbarkeit,0
Differenzkontrakt,1
Diffusität,0
Digital-Analog-Baustein,1
Dinatriumhydrogenorthophosphat,2
Diploblastie,0
Diplom-Dentalhygieniker,1
Diskusstachelrochen,1
Disomie,0
Dissimulieren,2
Distalbiss,1
Dittografie,0
Diätspezialist,1
DNA-Zytometrie,0
Dockanlage,0
Dokumenttypdefinition,0
Dolchwespen-Glasflügler,1
Dollarkrise,0
Dominostein,1
Doodle,2
Doppelbesetzung,0
Drachenbootfest,2
Drahtspeichenrad,2
Draufsicht,0
Drehfuß,1
Drehkörper,1
Dreiecksstufe,0
Dreifachpufferung,0
Dreigang-Laubenvogel,1
Dreigestirn,2
Dreijahressperre,0
Dreisprunggrube,0
Dreistellungskippschalter,1
Dreizack-Prachtlippfisch,1
Driftwinkel,1
Drogenabhängigkeit,0
Drohstellung,0
Dromedar,2
Dromophobie,0
Drop-down-Menü,2
Droschkenkutscher,1
Drospirenon,2
Druckreduzierventil,2
Drängrabenfräse,0
Drängraben,1
Dröhnen,2
Dschihadistengruppe,0
Dumping-Preis,1
Dunkelalbatros,1
Dur-Moll-Tonalität,0
Durchgangskonnossement,2
Durchschnittskosteneffekt,1
Duschkopf,1
Dysvitaminose,0
Echtzeitüberwachung,0
Eckstuhl,1
Ecodesign,2
Ecuador-Kapuzineraffe,1
Edelboutique,0
Edgarit,1
Edmontosaurus,1
Ehescheidungsklage,0
Ehrenrettung,0
Ehrenrunde,0
Eichgenauigkeit,0
Eierspeise,0
Eifelit,1
Eigenspeisung,0
Eiklar,2
Eilseeschwalbe,0
Ein-Kamera-Verfahren,2
Ein-Punkte-Vorsprung,1
Einarmschwinge,0
Einbalsamieren,2
Einbindung,0
Einbruchsalarmanlage,0
Eindimensionalität,0
Einfarb-Ameisenvogel,1
Einfuhrverfahren,2
Einführungsanzeige,0
Eingangspforte,0
Eingangsstelle,0
Einheitsbaugruppe,0
Einheitsschrank,1
Einhieb-Feile,0
Einkapseln,2
Einkassierung,0
Einkaufsoutlet,2
Einkeimblättrigkeit,0
Einladungsliste,0
Einlassrohr,2
Einlegearbeit,0
Einleitungsabschnitt,1
Einling,1
Einreisebann,1
Einstellplatz,1
Eintauschmöglichkeit,0
Eintrittsinvarianz,0
Einzelbewertung,0
Einzelwettbewerb,1
Einzugsfeier,0
Eiprofil,2
Eisenbahngleis,2
Eisenbahnstreik,1
Eisenbarren,1
Eisenfibel,0
Eisglätte,0
Eisplatz,1
Eitererreger,1
Ejakularche,0
Elefantin,0
Elektrozaun,1
Elementarzelle,0
Elfenblume,0
Eliteauktion,0
Elsterbekarde,0
Elsterfruchttaube,0
Elsterstar,1
Eltyubyuit,1
Elution,0
Embryonalgewebe,2
Embryotomie,0
Empfindungstemperatur,0
Empfänglichkeit,0
Enceinte,0
Endabstimmung,0
Endbahnhof,1
Endkurs,1
Endlagerstätte,0
Endoralmembran,0
Energieholz,2
Energieintensität,0
Energieversorgungssystem,2
Enneade,0
Entdeckungstour,0
Entengrütze,0
Enteritis,0
Entfärbung,0
Entgiftungstrupp,1
Entkleidungsnummer,0
Entkolonisierung,0
Entmischungstemperatur,0
Entsorgungsplatz,1
Entsorgungsstation,0
Entwässerungsebene,0
Enzyklopädist,1
Enzym-Cofaktor,1
Enzym-Mix,1
Ephebogenese,0
Erdbeerkaltschale,0
Erddruck,1
Erddurchmesser,1
Erdfehlerstrom,1
Eremitengemeinschaft,0
Erfahrungshorizont,1
Erfassungsabwicklung,0
Erfolgsanalyse,0
Erfolgszurechnung,0
Erinnerungsfest,2
Erkenntlichkeit,0
Erlenspringrüssler,1
Erlkönig,1
Erlöserorden,1
Ernährungsberatung,0
Erregerspule,0
Ersatzschraube,0
Ersatzspurverkettungssatz,1
Erstnachweis,1
Erstuntersuchung,0
Erträglichkeitsgrenze,0
Erweiterungsspeicher,1
Erweiterungssteckplatz,1
Erwärmungskurve,0
Erzeugnis,2
Erzmine,0
Eschenmoser-Tanabe-Fragmentierung,0
Eskimo,1
Estridentismus,1
Etalonsprache,0
Etikettenabschneider,1
Etikettendruckprogramm,2
Eungellahonigfresser,1
Eurekadumpit,1
Eurokreditkarte,0
Exemplifizierung,0
Existenzform,0
Exploratorium,2
Exporttratte,0
Exportverkehr,1
Expressivität,0
Extremprogrammierung,0
Facharzt,1
Fachgespräch,2
Fachkonzept,2
Fadenspinnerei,0
Fahrbahnseite,0
Fahrscheinentwerter,1
Fahrunterbrechung,0
Fahrzeugaußenbereich,1
Fahrzeugtyp,1
Fakultätsverwaltung,0
Falkland-Dampfschiffente,0
Fallschirmjägerbataillon,2
Falsettstimme,0
Faltenminiermotte,0
Familienkomödie,0
Familienschmuck,1
Fangeinrichtung,0
Farbbaum,1
Farbdopplersonografie,0
Farbmodus,1
Farbpuffer,1
Farbsprühdose,0
Farbunterabtastung,0
Farbwechsel,1
Farnkraut,2
Farnsporangium,2
Faschinenmesser,2
Faserindustrie,0
Faunistik,0
Federbereich,1
Federtrampolin,2
Fehlkonstruktion,0
Fehlschlagen,2
Feigenbartvogel,1
Feineinstellung,0
Feinmühle,0
Feinschneidwerkzeug,2
Feinzucker,1
Feldapotheke,0
Feldausblendung,0
Feldionisation,0
Feldrohrsänger,1
Feldsteinquendel,1
Feldzug,1
Fenaksit,1
Fenestella,0
Fermi-Dirac-Statistik,0
Ferngeschäft,2
Fernsehstudio,2
Fernsehteilnehmer,1
Fernthermometer,2
Ferntrauung,0
Fernzugriff,1
Ferritkern,1
Fertigsauce,0
Fertigschliff,1
Festulolium,2
Feuer-Zwergkaiserfisch,1
Feueralarmanlage,0
Feuerleitwagen,1
Feuerraumbelastung,0
Feuervergolden,2
Feuerwerkerei,0
Fiale,0
Fiesta,0
Finanzbeamtin,0
Finanzinvestor,1
Fingerersatz,1
Fingerhandschuh,1
Firmenregistrierung,0
Firmensiegel,2
Fischereigeschirr,2
Fischpediküre,0
Fischwanderhilfe,0
Flachgrab,2
Flachkopfwels,1
Flammen-Grevillea,0
Flammpunkt,1
Flanellblume,0
Flaneur,1
Flaschenpfand,2
Flavorist,1
Flechtenbart,1
Flechtgürtel,1
Fleckenschutz,1
Fleckensumpfhuhn,2
Fliederduft,1
Flieger,1
Fliehkraftabscheiden,2
Fliesenkreisschneider,1
Fließtiefe,0
Flockenwindel,0
Flugdynamik,0
Flugkurskreuzung,0
Flugschülerin,0
Flugzeugrumpf,1
Flugzeugwasserbombe,0
Fluorapatit,1
Fluorchegemit,1
Flurabstandsgleiche,0
Flusssäure,0
Flächenladungsdichte,0
Flüchtlingscamp,2
Flüchtlingswelle,0
Flügelzelle,0
Folgeschaden,1
Folgeveranstaltung,0
Formgedächtniselement,2
Formteiladapter,1
Formulierung,0
Forschungsgipfel,1
Forstschule,0
Forstversicherung,0
Forstweg,1
Fortpflanzungsinstinkt,1
Fotokünstler,1
Frachtfluggesellschaft,0
Frakturvereinigung,0
Fraser-Delfin,1
Frauencollege,2
Frauenrechtlertum,2
Freiberuf,1
Freidenkerin,0
Freigabezertifikat,2
Freiheitskämpferin,0
Freilandmuseum,2
Freitag,1
Fremdanamnese,0
Fremde,0
Fremdfirmenunterweisung,0
Fremdsprachenkorrespondent,1
Fremdwährungsanleihe,0
Fremdzubehör,2
Frequenzpräemphase,0
Fresnellinse,0
Friedhofspflicht,0
Frischholz,2
Frittspannung,0
Fruchtbarkeitsspritze,0
Fruchtreife,0
Fructoseintoleranz,0
Fränkin,0
Fräsator,1
Frühjahrstagung,0
Frühlingslied,2
Fuchsrebe,0
Funktionalanalysis,0
Funktionalorganisation,0
Funktionärskarriere,0
Fusionsniere,0
Fußballverband,1
Fußriemchen,2
Fußspezialist,1
Fußstütze,0
Fälschen,2
Färbungsmuster,2
Fördergebietsgesetz,2
Fügen,2
Führungsbefähigung,0
Führungslager,2
Füllebornpieper,1
Fünfzehneck,2
Galon,1
Gametogenese,0
Gananit,1
Ganzkörperanzug,1
Gasbläser,1
Gasprobe,0
Gateway,2
Gaumenreflex,1
Gaumenzungenbogen,1
Gebet,2
Geburtsdauer,0
Geburtshaus,2
Gebührensystem,2
Gebühr,0
Gedächtnisspanne,0
Gefäßläsion,0
Gefäßnetzwerk,2
Gegenplan,1
Gegensiegel,2
Gegähne,2
Gehaltsniveau,2
Gehaltstabelle,0
Geheimschlüssel,1
Geheimverhandlung,0
Gehirnblutung,0
Gehirnverletzung,0
Gehörgang,1
Gehörperspektive,0
Gehörschärfe,0
Geilheit,0
Geistesleben,2
Gekröselava,0
Gelbbauch-Todityrann,1
Gelbbauchastrild,1
Gelbflechte,0
Gelbkehlkarakara,1
Gelbscheitelwaldsänger,1
Gelbschwanz-Trogon,1
Gelbstirnmuräne,0
Gelbstreifen-Ameisenschlüpfer,1
Geldmarktreferenzzinssatz,1
Geleier,2
Gelenkigkeit,0
Gelenkwandarm,1
Geländeabfall,1
Gemaßregelter,1
Gemeinderat,1
Gemeinschaftswald,1
Gemmenbehälter,1
Genesungsgrad,1
Genialität,0
Geninteraktion,0
Geophysiker,1
Gepäckband,2
Gerichtssachverständiger,1
Gerätebaum,1
Gesamtdefizit,2
Gesamterkrankung,0
Gesamtfeld,2
Geschenkexemplar,2
Geschworener,1
Geschäftsidee,0
Geschäftsprozessintegration,0
Gestalterin,0
Gestaltungsentwurf,1
Gesteinsfragment,2
Gestendimmung,0
Gesundheitspflege,0
Getreidehalmwespe,0
Getränkebestellung,0
Gewald-Reaktion,0
Gewebeprobe,0
Gewichtswebstuhl,1
Gewinnziel,2
Gewölle,2
Gezeitenkurve,0
Gezeitenzone,0
Geäder,2
Ghardaqa-Seestern,1
Gibbonart,0
Gierdämpfer,1
Gießerfieber,2
Gigantomachie,0
Gin,1
Gitterwanze,0
Glanzflügel-Nektarvogel,1
Glasfassade,0
Glasschmelze,0
Glasuroberfläche,0
Gleichlaufverlust,1
Gleichtaktdrossel,0
Gletscherbahn,0
Gletscherschliff,1
Gläserrücken,2
Glättstein,1
Gläubigerin,0
Glücksbringer,1
Glücksjäger,1
Glühen,2
Goethezeit,0
Gold-Grannenhafer,1
Goldbrustkotinga,0
Golddeckung,0
Goldförderung,0
Goldkappentangare,0
Goldmaskenspecht,1
Goldpellet,2
Goldrohrbambus,1
Goldspecht,1
Golferellenbogen,1
Golfstrom,1
Gorgo,0
Goslarit,1
Gotin,0
Gottardiit,1
Gottessohnschaft,0
Gottwerdung,0
Grabbeigabe,0
Grabenverfüllung,0
Grabungstag,1
Gradierwerk,2
Grafikdatenverarbeitung,0
Granulose,0
Graslilie,0
Grassamen,1
Grau-Weide,0
Grauarmmakak,1
Graupe,0
Grautimalie,0
Greisen,1
Griffel-Rose,0
Grobjustierung,0
Großartigkeit,0
Großmaul,2
Großsäuger,1
Großzügigkeit,0
Grundaufbau,1
Grundbefindlichkeit,0
Grundbesitzer,1
Grundentlastung,0
Grundgebirgskarte,0
Grundierwachs,2
Grundrechtskatalog,1
Grundschülerin,0
Grundsoße,0
Grundstücksgeschäft,2
Gruppenbesteuerung,0
Gruppenfreistellungsverordnung,0
Gruppenwähler,1
Gruppenzweiter,1
Größenwandler,1
Grünlandnutzung,0
Grünschwanz-Goldkehlchen,2
Guimarãesit,1
Guineawurm,1
Gurken-Magnolie,0
Guyana-Tschatschalaka,1
Gärverfahren,2
Hadamard-Matrix,0
Hagiografin,0
Hakenkopfschraube,0
Halbgott,1
Halbrandbrille,0
Halbzeug,2
Hallux-Valgus-Operation,0
Halsband-Zwergohreule,0
Handballspieler,1
Handelserleichterung,0
Handelsreferenz,0
Handfertigung,0
Handhabungslösung,0
Handlungsalternative,0
Handschuhmacher,1
Haptophobie,0
Hartstrahlaufnahmetechnik,0
Hasen-Segge,0
Haube,0
Hauptaktionär,1
Hauptfunktion,0
Hauptunternehmer,1
Haushaltungsvorstand,1
Hausse-Position,0
Hausstaubmilbe,0
Hauswirtschaft,0
Hauszwiebel,0
Hautaufhellung,0
Hautknötchen,2
Havaneser,1
Havariekostenteilung,0
Hecht-Rose,0
Heckenkuckuck,1
Heckeraufstand,1
Heckflosse,0
Heidehonig,1
Heidelbeer-Knospengallmilbe,0
Heildauer,0
Heilerin,0
Heilman-Gletscher,1
Heilsanstalt,0
Heimtücke,0
Heinzelmännchen,2
Heizstrahler,1
Heißklebstoff,1
Helene,0
Helferinnenelement,2
Helicoprion,1
Helikopterkufe,0
Helikopterpilot,1
Helixstruktur,0
Hellwald-Rajah-Ratte,0
Helobiom,2
Hemdbluse,0
Hemloit,1
Hepatitis-A-Vakzine,0
Hepatographie,0
Heptose,0
Heranziehung,0
Herbalist,1
Heringsmehl,2
Herrenwitz,1
Herrschaftsfreiheit,0
Herstellungsdatum,2
Herzkontusion,0
Herzmuschel-Orchidee,0
Heterologie,0
Heteroplasmie,0
Hilfspersonal,2
Hilgendorf-Röhrennasenfledermaus,0
Himbeer-Blattspanner,1
Himmelfahrtsblümchen,2
Hintergrundbereich,1
Hintergrundmusik,0
Hinterradlenkung,0
Hinterunterkiefervene,0
Hirnaneurysma,2
Hitzeschild,1
Hochbruch,1
Hochgeschwindigkeitsbahnsystem,2
Hochlandmütze,0
Hochleistungssport,1
Hochlöffelbagger,1
Hochohmwiderstand,1
Hochstromverbinder,1
Hockerkocher,1
Hohlkopf,1
Hollywoodschauspieler,1
Holunder-Schwertlilie,0
Holzkonservierung,0
Holzlöffel,1
Holzrauch,1
Holzspatel,1
Holztreppenstufe,0
Homogenisieren,2
Homomorphismus,1
Homotransplantat,2
Homöopathie,0
Hornistin,0
Horton-Gleichung,0
Hostiendose,0
Hubsteiger,1
Hudsonbai,0
Hufeisenfarn,1
Hufpflegemittel,2
Hummersaison,0
Hundegespann,2
Hundeverbotszone,0
Hundstagsfliege,0
Hungerreis,1
Hutgröße,0
Hyalocyte,0
Hydrocortisonsalbe,0
Hydronastie,0
Hydroxycancrinit,1
Hyperakusis,0
Hypercholesterolämie,0
Hypergammaglobulinämie,0
Hyperimmunisierung,0
Hypogonadismus,1
Hypokotyl,2
Hypothekenantragsgebühr,0
Hämatophanit,1
Händlerin,0
Höchstlänge,0
Höchstseitenzahl,0
Höhenkarte,0
Höhenmaßstab,1
Höhlengrabung,0
Identitätsbegriff,1
Identitätsentstehung,0
Identitätsentwicklung,0
Identitätsprinzip,2
Ikosidodekaeder,2
Illusionstheater,2
Illustrationskunst,0
Ilmensee,1
Immersionsöl,2
Immunoliposom,2
Immunologe,1
Impfreaktion,0
Importprogramm,2
Impulsformer,1
Indexreihe,0
Indianermeise,0
Indiefilm,1
Indigenismus,1
Indirubin,2
Induktionsschritt,1
Industrieschlauch,1
Infektionsbiologie,0
Informationsasymmetrie,0
Informationsmodell,2
Informationsrückgewinnung,0
Informationsverarbeitungssystem,2
Initiierter,1
Inkassobüro,2
Inkubationseffekt,1
Inkubationsmedium,2
Inkunabelzeit,0
Inlandsemission,0
Innensternschraube,0
Innenverkleidung,0
Insektennisthilfe,0
Inselklima,2
Inserentin,0
Insertionsort,1
Inspektionsöffnung,0
Instrumentenwagen,1
Interessenkollision,0
Internet-Bankdienst,1
Internetnutzer,1
Internetprotokolladresse,0
Interventionsmodell,2
Intuitionistin,0
Iolith,1
Iraker,1
Irrglaube,1
Irruption,0
Isländischwörterbuch,2
Isozyanatlunge,0
Italienerin,0
Iterationsverfahren,2
Ivorerin,0
Jachtfahrerin,0
Jagoit,1
Jaguar,1
Jahresgesamtgewinn,1
Jahreszeitschrift,0
Jaktation,0
Japan-Rotkehlchen,2
Jazzband,0
Jekaterinburg,2
Jelskimohrentyrann,1
Jenseitigkeit,0
Jenseitserwartung,0
Jetztzeit,0
Josepherzählung,0
Josephson-Verbindung,0
Joule-Thomson-Effekt,1
Judoschule,0
Jugendmeisterschaft,0
Jungavestisch,2
Jungenhose,0
Justierzange,0
Jägerhut,1
Kabelbinder,1
Kaffeebraun,2
Kahlkopfrapp,1
Kaisertabelle,0
Kakaoplantage,0
Kaktee,0
Kalkzementmörtel,1
Kallikrein,2
Kaltleiter,1
Kaltlufteinbruch,1
Kalziumaufnahme,0
Kameldorn,1
Kamelienöl,2
Kamerakopf,1
Kamerasucher,1
Kamm-Stierkopfhai,1
Kammerherr,1
Kammerrakelsystem,2
Kammschienenwurzelfliege,0
Kampfausrüstung,0
Kampfmittelräumer,1
Kampfvorschrift,0
Kampilan,2
Kanalneuromast,1
Kanemit,1
Kaninchenstall,1
Kanton-Rhabarber,1
Kanzerogenitätsindex,1
Kapbatis,1
Kapitalanlageprogramm,2
Kapitalaufstockung,0
Kapitalbewegung,0
Kapitaldividende,0
Kapitalverwässerung,0
Kapotter,1
Kappapagei,1
Kappengeier,1
Kapstachelbeere,0
Kapstädter,1
Karbonisierung,0
Kardinalkolleg,2
Karfreitagsabkommen,2
Kariesstopp,1
Kartellhürde,0
Kartenschlüssel,1
Kartierbarkeit,0
Kartoffelpuffer,1
Kartoffelschädling,1
Kassettenformat-Abtastmechanismus,1
Kassettenlaufwerk,2
Kastenträgerbrücke,0
Katalogpreis,1
Katastrophenreserve,0
Kathetereinführung,0
Katheterembolie,0
Kation,2
Katzenjammerei,0
Kauerstellung,0
Kaufhausmusik,0
Kaufkraftparität,0
Kautüchtigkeit,0
Kavallerieangriff,1
Keilschrifttext,1
Keksglas,2
Kelaart-Langkrallenspitzmaus,0
Kelchkoralle,0
Kemirinuss,0
Kennedy-Half-Dollar-Münze,0
Kennschild,2
Keramikklemme,0
Keramikspritzgießen,2
Kermeseiche,0
Kernladung,0
Kernraum,1
Kernwaffeneinsatz,1
Kernzone,0
Kerzenteller,1
Ketogulonsäure,0
Kettnerit,1
Keulenlilie,0
Kiefernsaft,1
Kiesaufbereitungsanlage,0
Kieselkupfer,2
Kiesfüllung,0
Kinderbekleidung,0
Kinderfernsehen,2
Kindergeldnummer,0
Kinderpsychologe,1
Kinderunterhaltung,0
Kippstelle,0
Klassenbildung,0
Klebemaschine,0
Klecksbaumsteiger,1
Kleesäure,0
Kleiderbügel,1
Kleinrad,2
Kleinschrift,0
Klemmenwechsel,1
Klemmvorrichtung,0
Klimaflüchtling,1
Klimaumschwung,1
Klimaziel,2
Klubhaus,2
Knackgeräusch,2
Knaulgras,2
Knebelschraube,0
Knierohr,2
Knochenbau,1
Knochengesundheit,0
Knochenmarkblockade,0
Knollen-Sauerklee,1
Knöchelstütze,0
Koaktion,0
Koaxialität,0
Koaxkabel,2
Koechlinit,1
Kofferaufbau,1
Kofferdamklammer,0
Kofferpacken,2
Kohlenstoffverbindung,0
Koinzidenzsignal,2
Kokosfaser,0
Kollagenase,0
Kollateralbandverletzung,0
Kollektivrisiko,2
Kollektiv,2
Kollisionsschutzsystem,2
Kolloidkrebs,1
Kolonialministerium,2
Komintern,0
Komma,2
Kommerz,1
Kommunikationsgenauigkeit,0
Komplementärfarbe,0
Komplott,2
Konferenz,0
Konidienentwicklung,0
Konjunkturprogramm,2
Konkursrisiko,2
Konstantförderpumpe,0
Kontergewicht,2
Kontobereinigung,0
Kontrastharmonisierung,0
Kontrastregler,1
Kontrollstempel,1
Kontrolltafel,0
Kontroverstheologe,1
Konturbestimmung,0
Konvergenzlinie,0
Kopfstoß,1
Kopiermaschine,0
Kopiopie,0
Koppers-Totzek-Vergaser,1
Korallendiversität,0
Korallenfisch,1
Korkenzieherlocke,0
Korkplatte,0
Korkrinde,0
Kornettbläser,1
Korrekturbefehl,1
Korrekturbogen,1
Korrekturbuchung,0
Korsikaforelle,0
Kosco-Gletscher,1
Kostümberater,1
Kotschaufel,0
Krabbe,0
Kraniosynostose,0
Kreditkartenindustrie,0
Kreditpolitik,0
Kreisbrandmeister,1
Kreuzreaktivität,0
Kriegsmaler,1
Kriegsteilnehmer,1
Kristalltropfen,1
Kronbein,2
Kronzeuge,1
Kryoniker,1
Krönel,1
Krönungsfeier,0
Krümmerdichtung,0
Kugelblitz,1
Kugeldorn,1
Kugelkäfer,1
Kuhhaut,0
Kultmarke,0
Kulturgut,2
Kundensicherheit,0
Kuneonavikulargelenk,2
Kunsterzieher,1
Kunstexperte,1
Kunstgalerie,0
Kunstharzputz,1
Kunstjournalist,1
Kunststoffzahn,1
Kunstverstand,1
Kuppelkappe,0
Kurbelbohrmaschine,0
Kurierversand,1
Kursfeuerwerk,2
Kurzlappen-Schirmvogel,1
Kurzleistung,0
Kurzschlusskennlinie,0
Kurzspornkuckuck,1
Kuttelsuppe,0
Kältekonservierung,0
Kältemaschinenöl,2
Käseomelett,2
Königinnenkäfig,1
Küchenrückwand,0
Küchensanierung,0
Küche,0
Kühlerzwischenwand,0
Kühlmittel,2
Kühlschrankfach,2
Künstlerverein,1
Küsten-Strumpfbandnatter,0
Labortierhaltung,0
Lachseeschwalbe,0
Lackmantel,1
Laertes,1
Lagerschrank,1
Laienaristokratie,0
Laktonsäure,0
Laminograph,1
Lampenbügel,1
Landbeschaffungsgesetz,2
Landebahn,0
Landeis,2
Landkreis,1
Langhaarfrisur,0
Langweilerin,0
Langwort,2
Larvenhülle,0
Lastenträger,1
Lastkran,1
Lastwagenfahrerin,0
Lateralbündel,2
Latexunverträglichkeit,0
Laufbahnprofil,2
Lautproduktion,0
Lavakuppel,0
Lebensdaueruntersuchung,0
Lebensmittelbranche,0
Lebensmittelhilfe,0
Lederfarbe,0
Lederfett,2
Ledermappe,0
Leergewicht,2
Leerlaufzeit,0
Leerstandsrate,0
Legierungselement,2
Legierungszusatz,1
Leibrentner,1
Leichenalkaloid,2
Leichenbefund,1
Leichtathletik,0
Leideform,0
Leindotter,1
Leistungsabgabe,0
Leistungsbilanz,0
Leistungslohnvereinbarung,0
Leistungspotential,2
Leistungsumwandlung,0
Leistungsvereinbarung,0
Leitgedanke,1
Leitvorstellung,0
Lenksamkeit,0
Lepidopterengattung,0
Leporelloformular,2
Lernkonzept,2
Lernstudio,2
Lesezyklus,1
Leuchtenfeld,2
Leuchtturmwärter,1
Leuprorelin,2
Lichtablenkung,0
Lichtkreuz,2
Lichtleiste,0
Lichtleistung,0
Lichtstreuung,0
Lichttaster,1
Lidödem,2
Liebesethik,0
Lieblingsaktivität,0
Lieblingsdirigent,1
Lieblingsfrau,0
Lieblingspizzeria,0
Liedtexter,1
Lieferbetrieb,1
Linde,0
Linsenpapier,2
Lipidanker,1
Lipidsynthese,0
Lipometabolismus,1
Lipoylierung,0
Listenverarbeitung,0
Literaturfestival,2
Lithiowodginit,1
Lithiumacetylid,2
Lithographiekunst,0
Litholyse,0
Liturgiereform,0
Lizenzbewerber,1
Locationscout,1
Lochfraßbeständigkeit,0
Logkladde,0
Lohnbuchhalterin,0
Lohnpfändung,0
Lokalgottheit,0
Louisianamoos,2
Loure,0
Luftentfeuchtung,0
Lufterhärtung,0
Luftfahrthandbuch,2
Luftkreis,1
Luftverteilerring,1
Luftverteilung,0
Luftziegel,1
Luminogramm,2
Lungenschleimhaut,0
Luxusbad,2
Längenprofil,2
Längsloch,2
Läsionsentstehung,0
Löschschlauch,1
Maarsee,1
Madjobaum,1
Magen-Darm-Katarrh,1
Maghemit,1
Magistergrad,1
Magistrale,0
Magnesitwerk,2
Magnesiumhaushalt,1
Magnetbandcartridge,0
Magnetschienenbremse,0
Mahnung,0
Mainstreampresse,0
Makroblast,1
Makromitophagie,0
Makrozyt,1
Maladettagruppe,0
Malaspinagletscher,1
Malrotation,0
Malschule,0
Malus,1
Mamillen-Sharing,2
Mammographie,0
Mandibel,0
Mangan-Coelinblau,2
Mansarde,0
Mantelwellenfilter,1
Marianne,0
Mariologie,0
Markenelement,2
Markierungsgen,2
Marktbearbeitung,0
Markterwartung,0
Marktliberalisierung,0
Marktsondierung,0
Marktöffnung,0
Marmor-Riedfrosch,1
Marmorgrabstein,1
Marmorschleiferin,0
Marquisat,2
Marschgeld,2
Marsmission,0
mAs-Produkt,2
Maskentäubchen,2
Masochist,1
Masse-zu-Ladung-Verhältnis,2
Masselgießanlage,0
Massenstreik,1
Materialkomponente,0
Materialübersicht,0
Mate,1
Matrixsubtraktion,0
Matroneum,2
Mattenpieper,1
Mauernutfräse,0
Mazedonit,1
Mazurka,0
Maßgröße,0
Maßhaltigkeitsprüfung,0
Media-Auditing,2
Mediengenealogie,0
Medikamentenüberwachung,0
Meditationskissen,2
Medizindidaktik,0
Meeresbauwerk,2
Meerotter,1
Megamaschine,0
Megasom,2
Mehranwendernetzwerk,2
Mehrfachbedingung,0
Mehrheitstext,1
Mehrkinderfamilie,0
Mehrkulturalität,0
Mehrzweckschiff,2
Meisengimpel,1
Meisterhand,0
Melanophlogit,1
Membranenzym,2
Meningeom,2
Meniskusrampe,0
Menschenliebe,0
Menschenrechtskommission,0
Menschenversuch,1
Mercatorprojektion,0
Mergelschicht,0
Merkmalskombination,0
Mesokosmos,1
Mesothel,2
Messlehre,0
Messsäule,0
Messtemperaturbereich,1
Metakommunikation,0
Metapherngebrauch,1
Methodenkompetenz,0
Methylergometrin,2
Methylgelb,2
Methylsalicylat,2
Metropolitanbistum,2
Microcomputersystem,2
Miesmuschelschale,0
Migrationsbilanz,0
Migrationsstatistik,0
Mikrocinematografie,0
Mikrofotografie,0
Mikrogametozyt,1
Mikrovaskularchirurgie,0
Milan,1
Milchtrockenmasse,0
Milieu,2
Militär-Blogger,1
Militärmedizin,0
Militäroffensive,0
Militärputsch,1
Militärverteidiger,1
Milzbrandattentat,2
Mimotop,2
Mindanao-Laubsängertimalie,0
Mindanaosee,0
Minderjähriger,1
Mindestdotierungsverpflichtung,0
Mindestkapazität,0
Mindeststücklohn,1
Mineralisation,0
Mineralreich,2
Mineralschmieröl,2
Minianwendung,0
Ministeramt,2
Minrecordit,1
Missionsprokura,0
Mitangeklagter,1
Mitarbeitertreue,0
Miteigentümergemeinschaft,0
Mitfavorit,1
Mitgliederkonferenz,0
Mitschwingungsgezeit,0
Mitteilsamkeit,0
Mittelbedarf,1
Mittelbereichsradar,2
Mittelbinden-Zwergspanner,1
Mittelbronzezeit,0
Mittelmeergebiet,2
Mittelstadt,0
Mittelstand,1
Mittelstreckenbomber,1
Mittelstreckenzieher,1
Mittenabstand,1
Mittenkontakt,1
Mixer,1
Modulstecker,1
Molekulargewichtsmarker,1
Molekülion,2
Molkereibesitzer,1
Monetarisierung,0
Monitorflackern,2
Monofil,2
Monophobie,0
Monopolisierung,0
Monopsonie,0
Monopson,2
Montagabend,1
Montagsausgabe,0
Monteggia-Luxationsfraktur,0
Montezumastirnvogel,1
Montgomeryit,1
Moore-Wollmaki,1
Moralistin,0
Morcellation,0
Mordnacht,0
Morgenmeditation,0
Morimotoit,1
Moscheenarchitektur,0
Moselfränkisch,2
Motivationstheorie,0
Motornummer,0
Motorradsitzbank,0
Motorschild,2
Muchawez,1
Mukoperiost,2
Multimap,2
Musikfilm,1
Musikrezensent,1
Muskeldystrophie,0
Musterhaftigkeit,0
Musterland,2
Mutterion,2
Myokarditis,0
Myon,2
Mädchenbuch,2
Mädchenkleid,2
Mädchenpopo,1
Mädchenring,1
Mörsergranate,0
Mückenfledermaus,0
Münchhausen-Syndrom,2
Mündungsfeuerdeckung,0
Münzanstalt,0
Nachemission,0
Nachpflanzen,2
Nachrichtenspeicherung,0
Nachsaat,0
Nachschlagebuch,2
Nachsicht,0
Nachsilbe,0
Nachstellung,0
Nachtaufklärungseinsatz,1
Nachtriggern,2
Nachweisbarkeit,0
Nachwuchssekretärin,0
Nacktsandaal,1
Nacktschwanz-Kletterratte,0
Nadelgeld,2
Nagelbombe,0
Nagelhautschieber,1
Nagelpistole,0
Nahrungsquelle,0
Namenstafel,0
Nasenflöte,0
Nasenkatarrh,1
Nasenring,1
Nash-Gleichgewicht,2
Nassbremse,0
Nationaltier,2
NATO-Mitgliedschaft,0
Naturgeschichtsbuch,2
Naturkind,2
Nebrodi-Tanne,0
Nebulium,2
Negri-Körperchen,2
Nennlast,0
Nerobefehl,1
Nervenhaken,1
Nervenkranke,0
Nestlingszeit,0
Nestmaterial,2
Nettoauslandsposition,0
Nettobilanz,0
Nettoeinkaufspreis,1
Nettoexport,1
Nettokapitalimport,1
Nettozahler,1
Netzegge,0
Netzinformationssystem,2
Netzphytoplankton,2
Netzwerkadresse,0
Netzwerkbetreuung,0
Netzwerknutzung,0
Neuland,2
Neuralrille,0
Neutrophilie,0
Nibble,2
Nichtkläger,1
Nick-Krankheit,0
Nickelmangel,1
Nickhautdrüsenvorfall,1
Niederländisch-Wörterbuch,2
Niederschlagsanalyse,0
Nierenangiogramm,2
Nietwerkzeug,2
Nießbrauchsrecht,2
Nikotinamid,2
Nikotyrin,2
Ninive,2
Nischenklientel,0
Nitrid,2
Nitrobaryt,1
No-free-Lunch-Theorem,2
Nomen,2
Nonadecansäure,0
Normalsichtigkeit,0
Normoblast,1
Normwand,0
Notenhals,1
Notfallpsychiatrie,0
Notierungsart,0
Notlösung,0
Nowokusnezk,2
Nowomoskowsk,2
NS-Begriff,1
Nudelsuppe,0
Nuklearforschung,0
Nummernscheibe,0
Nutzen,1
Nutzholzbaum,1
Nutznießung,0
Nutzquerschnitt,1
Nährhefe,0
Obengenannter,1
Oberflächendünger,1
Oberflächenfauna,0
Oberkonsistorium,2
Objekttisch,1
Oboenspiel,2
Obsthummel,0
Ofen,1
Offenbarung,0
Offenstallhaltung,0
Ohrenschmalzdrüse,0
Okinawa-Prinzip,2
Okwabaum,1
Oleosom,2
Oligokratie,0
Oligosaccharid,2
Olivkopfweber,1
Olivmantel-Beerenfresser,1
Ombudsfrau,0
Onkozyt,1
Online-Hilfe,0
Online-Körperatlas,1
Oolongtee,1
OP-Kleidung,0
OP-Raum,1
Opernstimme,0
Opfernde,0
Opferpriester,1
Opferrolle,0
Orcessittich,1
Orchidopexie,0
Ordinationslinie,0
Ordnungssinn,1
Ordnungswidrigkeitsrecht,2
Ordonnanzgewehr,2
Organisationsgröße,0
Organokatalyse,0
Originalbeleg-Leser,1
Orlandiit,1
Orlop,2
Ortschaum,1
Ortsgebrauch,1
Ortsgemeinde,0
Osmiumverbindung,0
Osmotherapeutikum,2
Osteuropäer,1
Ostflandern,2
Osttimorerin,0
Osttimor,2
Outfit,2
Oversampling,2
Overscan,1
Packerwalze,0
Page-Datei,0
Paketzettel,1
Paläopedologe,1
Paläozän,2
Pampigkeit,0
Panay-Waran,1
Panettone,1
Pansophie,0
Panzerfahrzeug,2
Panzerlandungsschiff,2
Panzerrohr,2
Panzerspitzmaus,0
Paoay-Lake-Nationalpark,1
Papierformat,2
Papierkopie,0
Pappröhre,0
Papstgeschichte,0
Papua-Weichschildkröte,0
Papyruscistensänger,1
Parabolreflektor,1
Paradieren,2
Parallelanleihe,0
Parallelbewegung,0
Parallelitätsfehler,1
Paraspastik,0
Parboiling-Verfahren,2
Pareto-Kriterium,2
Parkett,2
Parsergenerator,1
Partnerbeziehung,0
Partnerlook,1
Passagiersitz,1
Pastellgemälde,2
Patientenüberwachungsgerät,2
Patrologie,0
Pauschalaussage,0
Pausenanweisung,0
Pechsträhne,0
Pelzimitat,2
Pensionsgrenze,0
Pent-2-in,2
Pentagramm,2
Pentakosansäure,0
Pentobarbital,2
Perchlorsäure,0
Periapikalinfektion,0
Periklas,1
Perinatalperiode,0
Perinatologe,1
Perit,1
Perkutanbestrahlung,0
Perlhuhnfrankolin,1
Personalmanagement,2
Personalvermittler,1
Personenmehrheit,0
Personwert,1
Pestfloh,1
Pfahlspitze,0
Pfeilmarkierung,0
Pferdeeppich,1
Pferdeflüsterer,1
Pferdefreundin,0
Pferdehalterin,0
Pflanzenmasse,0
Pflanzenneurobiologie,0
Pflanzenwissenschaftlerin,0
Pflegegeld,2
Pfundkrise,0
Pfännchen,2
Phantominsel,0
Pharaonenreich,2
Pharmakoangiographie,0
Philologe,1
Phlebödem,2
Phosphoesterbindung,0
Photomorphose,0
Photonenabstrahlung,0
Photoreaktion,0
Phototransduktion,0
Phototropismus,1
Phytoplanktonkultur,0
Pianino,2
Picardie,0
Pickeringit,1
Piek,0
Pigmentpapier,2
Pindus-Schmerle,0
Pinealorgan,2
Pisanaschnecke,0
Pittscharbe,0
Pixelshift,1
Planck-Kraft,0
Planula-Theorie,0
Planungskapazität,0
Plasmonenresonanz,0
Plattendruckversuch,1
Plattensteuerung,0
Playboy,1
Plazentarschranke,0
Plättbarkeit,0
Plünderer,1
Pokalschrank,1
Polarisationsellipse,0
Politikgestaltung,0
Polizeihauptquartier,2
Pollenschlauchkanal,1
Pollensuche,0
Polonovski-Reaktion,0
Polsterbürste,0
Polyaxon,2
Polycarbonsäure,0
Polynomfunktion,0
Polyphänismus,1
Polypid,2
Pontifikalamt,2
Pop-up-Buch,2
Porenverteilung,0
Pornovideo,2
Portfolioumschichtung,0
Porträtmaler,1
Positionsangabe,0
Posse-Comitatus-Gesetz,2
Post-Doktorandenstelle,0
Postabfertigungsraum,1
Postanweisung,0
Postapokalypse,0
Postverteilung,0
Potentialabschätzung,0
Potentialwachstum,2
Potsdam,2
Pottwalpärchen,2
Power-Splitter,1
PR-Maßnahme,0
Preisbuch,2
Preisrigidität,0
Prenyltransferase,0
Preussnektarvogel,1
Pribnow-Box,0
Priesternachwuchs,1
Primärfrequenz,0
Prinzenhabicht,1
Prinzessin-Ragnhild-Küste,0
Prismatin,1
Privatgalerie,0
Privathaus,2
Privatzimmer,2
Pro-Kopf-Konsum,1
Probeentnahme,0
Probefahrt,0
Probeinterview,2
Produktfehler,1
Produktivitätsverbesserung,0
Profi-Tennisspieler,1
Profilmesser,1
Profilsehne,0
Programmformel,0
Programmieraufgabe,0
Programmierproblem,2
Programmteil,1
Progression,0
Projektstudie,0
Projektzeitplanung,0
Prokrustes,1
Proktokolektomie,0
Proletin,0
Prometheus,1
Promille-Gesetz,2
Promotionsrecht,2
Propellerhaube,0
Prophetie,0
Prophezeiung,0
Prosawerk,2
Prospektion,0
Proteinaggregat,2
Proteinevolution,0
Proteinmodell,2
Protestschreiben,2
Prothesenbasis,0
Prothesenreinigungsbürste,0
Prothorax,1
Protonemazelle,0
Protonen-Symport,1
Protostaat,1
Prozessgeomorphologie,0
Prozessverlauf,1
Prytanie,0
Präbendar,1
Prägegebühr,0
Präorbitaldrüse,0
Präputialverklebung,0
Prüfanzeiger,1
Prüfkopf,1
Psaligraphie,0
Pseudomanubrium,2
Pseudonym,2
Puerperalintoxikation,0
Pulssequenz,0
Pune,2
Punktsystem,2
Puppendoktor,1
Puppenfilm,1
Purinämie,0
Purpur,1
Putrefaktion,0
Putzmittel,2
Pyatenkoit-(Y),1
Pyrenäen-Nelkenwurz,0
Pyritlagerstätte,0
Pyroklastika,0
Päpstin,0
Qualitätsstufe,0
Quantitätsgleichung,0
Quarzuhr,1
Quecke,0
Quellenwert,1
Quengelware,0
Quittungsvordruck,1
Quotientenmenge,0
Quästur,0
Radikalhöhle,0
Rahmenregelung,0
Raketenlücke,0
Rangierhalttafel,0
Ratsverordnung,0
Raubmöwe,0
Raubvogel,1
Raucherlounge,0
Rauchring,1
Raumausstatter,1
Raumeinsparung,0
Raumfahrerin,0
Raunen,2
Rauschgiftdezernat,2
Rauschgiftsucht,0
Rauschwanz-Sandboa,0
Raverin,0
Reagenzröhrchen,2
Reaktionsvorgang,1
Reaktorschnellabschaltung,0
Realitätsbewusstsein,2
Rebenkrankheit,0
Rechnerausdruck,1
Rechnungsabteilung,0
Rechtsdogmatik,0
Rechtsetzung,0
Rechtsgewährleistung,0
Rechtshänderschere,0
Rechtsmittelbelehrung,0
Rechtsstreit,1
Recyclingpapier,2
Referenzparameter,1
Reflexinkontinenz,0
Reflexionsfläche,0
Reformidee,0
Reformierer,1
Reformkleid,2
Regelscheibe,0
Regierungszeitung,0
Regime,2
Regionalfernsehen,2
Regionalkommission,0
Rehabilitationsforschung,0
Reibschweißen,2
Reichsmarine,0
Reihenmittelhaus,2
Reihentechnik,0
Reinluftgebiet,2
Reinraumkabine,0
Reisebegleiter,1
Reisekostenvergütung,0
Reiseverkehrskauffrau,0
Reitunfall,1
Rekursionssatz,1
Religionsbehörde,0
Religionslosigkeit,0
Religionsspötter,1
Remonstration,0
Rennellwürgermonarch,1
Rentenalter,2
Rentenbeitrag,1
Reoligotrophierung,0
Repatriant,1
Replikationszyklus,1
Reservereifen,1
Reservezeit,0
Resolutionsentwurf,1
Ressourcenfresser,1
Restlichtkamera,0
Resultatenmenge,0
Reviergrenze,0
Richtungspeilung,0
Rickett-Wasserfledermaus,0
Rieselhilfsmittel,2
Riesenstraußgras,2
Ring-Kaiserfisch,1
Ringpuffer,1
Risikogehalt,1
Ritteressen,2
Riu-Kiu-Taube,0
Roaming,2
Roatán-Aguti,2
Robb-Gletscher,1
Rockbridgeit,1
Rockerbraut,0
Rodelbahn,0
Rohhonig,1
Rohmühle,0
Rohr-Pfeifengras,2
Rohrstrangrelining,2
Rohwollwäsche,0
Rohzink,2
Rollkunstlaufkleid,2
Rollstuhltanz,1
Rollvorhang,1
Rollweg,1
Rollwiderstandsbeiwert,1
Rollübersteuern,2
Rombert-Integration,0
Rosenbogen,1
Rosensorte,0
Rosenzimmer,2
Rostkehl-Faulvogel,1
Rostlerche,0
Rostrennvogel,1
Rostscheitel-Ameisenwürger,1
Rotandaspritze,0
Rotationsviskosimeter,2
Rotationswasserbombe,0
Rotbauchorganist,1
Rotbauchtapaculo,1
Rotducker,1
Rotgesichtscharbe,0
Rotkopfbartvogel,1
Rotkopfwürger,1
Rotrückenmahali,1
Rotscheitel-Borstenschwanz,1
Rotscheitel-Cistensänger,1
Rotscheiteltangare,0
Rotscherenkrebs,1
Rottweiler,1
Rotwangenschlüpfer,1
Rotweintrinkerin,0
Rucksacktasche,0
Rudolphomycin,2
Ruhestandsalter,2
Rumpfstaat,1
Runddichtung,0
Rundfenstermembran,0
Rundfunkansage,0
Rundfunkanstalt,0
Rundschlifffase,0
Ruptur,0
Rädelsführer,1
Rätekommunismus,1
Röhrenklammer,0
Röntgenschutzhandschuh,1
Rückführungslogistik,0
Rückholfeder,0
Rückverweisung,0
Rückzugsort,1
Rührschnecke,0
Saat-Weizen,1
Saatgutkonzern,1
Sachkonto,2
Sachnin,2
Sachversicherung,0
Sachverständigenliste,0
Sadomasochistin,0
Safran-Riesenschirmpilz,1
Sagrada-Faulbaum,1
Sahnefestiger,1
Saisonalität,0
Saisonziel,2
Salzausscheidung,0
Salzmangelsyndrom,2
Salzwasserhahn,1
Samenblasenkatheterisierung,0
Samenschuppe,0
Samoa-Waldralle,0
San-Cristobal-Star,1
Sandröhrling,1
Sanierungsfall,1
Sansibar-Stummelaffe,1
Sao-Tomé-Segler,1
Saphirfeile,0
Sarafan,1
Sargtischler,1
Satellitenuhrenfehler,1
Satellitenverbindung,0
Sattelrohrlänge,0
Sattmacher,1
Satzgegenstand,1
Satzklammer,0
Sauerstoffradikal,2
Sauerstoffzufuhr,0
Saumpferd,2
Saumsattel,1
Schablonenmaler,1
Schadenrückstellung,0
Schadensminderungspflicht,0
Schadstoffeinwirkung,0
Schallpegelverteilung,0
Schallrückwurf,1
Schalter,1
Schaltknopf,1
Schanze,0
Scharfschießen,2
Scharfstellring,1
Schauspieleragentur,0
Scheinanlage,0
Scheinarchitektur,0
Schelfmeer,2
Schermaus,0
Schichtschalttechnik,0
Schichtungslosigkeit,0
Schicht,0
Schiebeübertrag,1
Schiedsrichterstuhl,1
Schiefertyrann,1
Schikaneur,1
Schinkenbrötchen,2
Schirm-Kiefer,0
Schizenzephalie,0
Schizothymie,0
Schlacht,0
Schlagbohrer,1
Schlammglöckchen,2
Schlauchdichtung,0
Schlechtmacher,1
Schleppegge,0
Schleuderpreis,1
Schling-Flügelknöterich,1
Schlittenhundegespann,2
Schlotbereich,1
Schlupfanorak,1
Schlüsselschraube,0
Schmalschnabel-Zaunkönig,1
Schmalschnabelpirol,1
Schmaltier,2
Schmarotzer-Stumpfnasenaal,1
Schmarotzer,1
Schmeckstörung,0
Schmerzsyndrom,2
Schmetterlingsblüte,0
Schmetterlingsschwimmen,2
Schminke,0
Schminkpinsel,1
Schmucksittich,1
Schmutzdecke,0
Schnauzenfalter,1
Schnauzenform,0
Schneeforsythie,0
Schneehaus,2
Schneesturmvogel,1
Schneiderfingerhut,1
Schnellkupplungsplatte,0
Schnellreparatur,0
Schnellschritt,1
Schnittstellenbeschreibungssprache,0
Schnittstellendefinitionssprache,0
Schnittstellenelektronik,0
Schnurantrieb,1
Schnurrbarttamarin,1
Schnäppchenladen,1
Schokolademühle,0
Schokoladenpudding,1
Schotter,1
Schraubenfeder,0
Schraubmontage,0
Schreibkopf,1
Schreibmaschinenschrift,0
Schreibschrift,0
Schreibzeiger,1
Schrägrechtsbalken,1
Schröpfschnepper,1
Schubertakkord,1
Schuldverschreibung,0
Schulkongregation,0
Schulmappe,0
Schulneubau,1
Schulterriemen,1
Schurrbärtchen,2
Schutzschicht,0
Schwalbennest,2
Schwarmformation,0
Schwarzafrikanerin,0
Schwarzbeere,0
Schwarzdelphin,1
Schwarzkehlarassari,1
Schwarzkopf-Fruchttaube,0
Schwarzkopftrupial,1
Schwarzkopftukan,1
Schwarzmund-Feldschnecke,0
Schwarzpappel,0
Schwarzschwanz-Monarch,1
Schweineblut,2
Schweinezüchtung,0
Schweinsnasenfledermaus,0
Schweißanalyse,0
Schweißerbrille,0
Schwerkettenantikörper,1
Schwerlastrakete,0
Schwerpunktsachse,0
Schwertlilie,0
Schwesternkasack,1
Schwimmpflanze,0
Schwingkammer,0
Schäbe,0
Schädelfraktur,0
Schäummittel,2
Sechsstreifen-Junker,1
Secretin,2
Seelenheil,2
Seenotrettung,0
Seesystem,2
Sehfeld,2
Sehnenscheide,0
Seidennektarvogel,1
Seidenraupe,0
Seidenstrumpf,1
Seigerschacht,1
Seitenschlag,1
Seitenstapler,1
Sekretion,0
Sekundärmarkt,1
Selbstbestätigung,0
Selbsterhaltung,0
Selbstgewissheit,0
Selbstherrscher,1
Selbstnutzer,1
Selbsttötung,0
Selenocysteinrest,1
Selfaktor,1
Semseyit,1
Senatsverwaltung,0
Senkfuß,1
Senkniere,0
Sentimentalität,0
Separatismus,1
Septembersedum,2
Septett,2
Sequenzregion,0
Serinphosphorylierung,0
Server-Housing,2
Setting,2
Setzfließversuch,1
Sexbeichte,0
Sexfoto,2
Sexkopfschmerz,1
Sext-Oktavkadenz,0
Seychellen-Riesenschildkröte,0
Shewhart-Regelkarte,0
Shine-Dalgarno-Sequenz,0
Shinnan-Gletscher,1
Shuttlezündung,0
Sibirien-Braunelle,0
Sichelschweifgras,2
Sicherheitsbereich,1
Sicherungsort,1
Sickenmaschine,0
Siebbeinhöhlenentzündung,0
Siegesode,0
Signaldiode,0
Signalkleidung,0
Signalquelle,0
Signaltrennung,0
Signalverstärker,1
Silanisierung,0
Silberblech,2
Silikonbrust,0
Siliziumdetektor,1
Silvesterfeuerwerk,2
Single-Dasein,2
Sinneinheit,0
Skalenlänge,0
Skandal,1
Skelettentwicklung,0
Skelettküstenpark,1
Skelly,1
Skianzug,1
Skilehrerin,0
Skythopolis,2
Slangausdruck,1
Sliwen,2
Slumsanierung,0
Smartshopper,1
Software-Kompatibilität,0
Sokotra,2
Solargenerator,1
Solidargemeinschaft,0
Soll-Stärke,0
Solltemperatur,0
Solubilität,0
Somali-Falterfisch,1
Sommeraster,0
Somnolenz,0
Sonderfunktion,0
Sonderschau,0
Sonnenblumen-Seestern,1
Sonnigkeit,0
Sonntagmorgen,1
Sozialgebilde,2
Sozialisierung,0
Spandrille,0
Sparbüchse,0
Spargelsuppe,0
Sparkassenabteilung,0
Sparring,2
Speicherdichte,0
Spektralfunktion,0
Spekulantenwillkür,0
Sperlingskauz,1
Spermatozele,0
Sperrwiderstand,1
Spielbelastung,0
Spielstand,1
Spindelnorm,0
Spinoidschuppe,0
Spionagenetzwerk,2
Spitzen-Regenwetteranfall,1
Spitzenumsatzpotenzial,2
Spitzkohl,1
Spitzschuppentimalie,0
Sponsorenwerbung,0
Spontanheilung,0
Sporangienwand,0
Sprachausgabeeinheit,0
Sprachform,0
Sprechtempo,2
Spreizungsachse,0
Springaffe,1
Spuckbeutel,1
Spuleninduktivität,0
Spulenzündung,0
Spurkranzschmierung,0
Spätmittelalter,2
SS-Oberführer,1
St.-Lucia-Gimpelfink,1
Staatsbeamte,0
Staatsbetrieb,1
Staatsleben,2
Staat,1
Stabwerksfenster,2
Stadtgericht,2
Stadtkämmerer,1
Stadtomnibus,1
Stadtverkehr,1
Stahl-Flechette,2
Stahlgriffel,1
Stahlmast,1
Stahltrust,1
Stalker,1
Standardisierung,0
Standleier,0
Standortbescheinigung,0
Startdatenträger,1
Startrollstrecke,0
Statistik,0
Statur,0
Steckbolzen,1
Steckseite,0
Stehendanschlag,1
Stehhilfe,0
Steilrohrkessel,1
Steinbüchse,0
Steinkirche,0
Steinkohlenteerpech,2
Steinlager,2
Steinmännchen,2
Steinschlaghammer,1
Stellarator,1
Sterblicher,1
Sterlinggebiet,2
Sternentstehung,0
Sternfrucht,0
Steuerbordseite,0
Steuereintreibung,0
Steuererhebung,0
Steuererleichterung,0
Steuerinzidenz,0
Steuerungsfunktion,0
Stevensit,1
Stiftungsvermögen,2
Stilbensynthese,0
Stimmfach,2
Stirlingmotor,1
Stockflinte,0
Stoffhose,0
Stofftransport,1
Stokes-Schlange,0
Stonehenge,2
Stopfen,2
Stoßwellenkompression,0
Strafjustizsystem,2
Strafminderung,0
Strafregister,2
Strafversetzung,0
Strahlenausbeute,0
Strahlenfibrose,0
Strahlenkranz,1
Strahler-Deckenstativ,2
Strahlhärtung,0
Strandsport,1
Strandzentrum,2
Straßenbahnschaffnerin,0
Streifchen,2
Streubrandbombe,0
Streueffekt,1
Stromband,2
Stromtal,2
Strukturwurzel,0
Strumpfwirkerstuhl,1
Stuckrosette,0
Studentenfilm,1
Studienfreund,1
Stuhlreihe,0
Stulpstiefel,1
Stummelschwanzmakak,1
Stups,1
Sturmwind,1
Sturzbachente,0
Sturzgeburt,0
Stutfohlen,2
Stutzschwanzsegler,1
Ständegesellschaft,0
Stützbatterie,0
Subklimaxvegetation,0
Subklimax,0
Subversion,0
Succinose,0
Sulawesi-Riesenratte,0
Sulfonyl-Gruppe,0
Sulfoxaflor,2
Sumatradrongo,1
Sumpf-Veilchen,2
Sumpfbock,1
Swierstrafrankolin,1
Symbolwelt,0
Synagogengemeinde,0
Synaxarion,2
Synchronisator,1
Synchronität,0
Synergidenzelle,0
Syntaxanalyse,0
Syntheseverfahren,2
Systemfunktion,0
Systemübergangsfazilität,0
Säbelfechten,2
Säbelschienbein,2
Sättigungsspannung,0
Säuleneibe,0
Südsee-Laubsänger,1
Südseeblase,0
Süßstofftablette,0
Süßwasserfischpopulation,0
Tacitismus,1
Tafelreiniger,1
Tageslichtpatrone,0
Tagesrate,0
Tagträumen,2
Taillenmieder,2
Talentlosigkeit,0
Taliabu-Schleiereule,0
Talseite,0
Tanktop,2
Tannenwald,1
Tantieme,0
Tanzpartnerin,0
Tanztruppe,0
Tapsell-Vorland,2
Tarnmuster,2
Tarsalkralle,0
Taschenformat,2
Tastenschalter,1
Tatvergeltung,0
Taubenweibchen,2
Tauchmediziner,1
Tausalz,2
Tauschhandel,1
Tauschnetzwerk,2
Tautologie,0
Teillos,2
Teilnahmlosigkeit,0
Teilvorgang,1
Teilzeichnung,0
Telegraph,1
Tellerjonglage,0
Temperaturfestigkeit,0
Teneriffa,2
Tennisarm,1
Tennismannschaft,0
Tennistrainer,1
Terenzbühne,0
Teriyaki,2
Terminalemulation,0
Terminationsphase,0
Terminierungsentgelt,2
Terran,2
Territorialgemeinde,0
Terrorgruppe,0
Terrorregime,2
tert-Butanol,2
Testamentsvollstrecker,1
Testebene,0
Testfrequenz,0
Testinstitut,2
Testreihe,0
Testresistenz,0
Testung,0
Tetanusspritze,0
Tetraphobie,0
Teufelsrübe,0
Teufe,0
Textauszeichnung,0
Texter,1
Textinterpretation,0
Thalliumatomuhr,0
Theaterproduzent,1
Themenkaufhaus,2
Therapeut,1
Thermoschock,1
Thermounterwäsche,0
Thompsonbülbül,1
Thorawimpel,1
Thoraxexkursion,0
Thor,1
Thunfischfilet,2
Ticketautomat,1
Tiefenbohrung,0
Tiefseeboden,1
Tigernuss,0
Tintenstrahldüse,0
Titanat,2
Titanstahl,1
Tlapallit,1
Toastschnitte,0
Tochterunternehmen,2
Toddameisenfänger,1
Tonhalle,0
Tonnenzahn,1
Toreutik,0
Torfgranulat,2
Torsionskurve,0
Torsionssteife,0
Torstange,0
Totenklage,0
Township,0
Traditionspflege,0
Traditionsschule,0
Trafostation,0
Tragband,2
Tragegriffschachtel,0
Transistoranschlussleitung,0
Transition-Team,2
Transleithanien,2
Transparenzregister,2
Transpirationssog,1
Transposase,0
Transuran,2
Travancore-Landschildkröte,0
Treibeis,2
Treibrad,2
Trenneffizienz,0
Trennkissen,2
Trennplatte,0
Trense,0
Treppenwange,0
Triforium,2
Trinitätstheologie,0
Trockenstadium,2
Tropfgitter,2
Truck-Racing,2
Trucksystem,2
Truppenwerbung,0
Trägerfrequenzband,2
Tränensack,1
Träumende,0
Tschiatura,2
Tsolov-Maushamster,1
Tule-Blässgans,0
Tumorentstehung,0
Tundrenklima,2
Tunichtgut,1
Turanismus,1
Turmwächter,1
Turnierkalender,1
Turnierreiter,1
Turnier,2
Tusionit,1
Tussock-Grasland,2
Tätigkeitsbereich,1
Tötungsbiss,1
Türchen,2
U-Bohle,0
U-Boot-Basis,0
U-Rohr-Manometer,2
Ufermauer,0
Uhu,1
Umbilicus,1
Umbilikus,1
Umkleidehäuschen,2
Umlaufperiode,0
Umluftkühlung,0
Umsatzabrechnung,0
Umstandsbestimmung,0
Umsteigepunkt,1
Umstempelbescheinigung,0
Umwandlungskurs,1
Umweltfachbereich,1
Umweltstudie,0
Unaufmerksamkeit,0
Unbegreifen,2
Unbotmäßiger,1
Unfallregister,2
Unfallshäufigkeit,0
Ungenauigkeit,0
Ungewohntheit,0
Ungültigmachen,2
Universalaussage,0
Unproduktivität,0
Unterbilanz,0
Unterhalterin,0
Unterhaltsberechtigter,1
Unterhaltungskünstler,1
Unterkultur,0
Unterlack,1
Unternehmensinvestition,0
Unternehmensumfang,1
Unternehmensverband,1
Unterprogrammverwaltung,0
Untersuchungsausschuss,1
Unterwasseraushub,1
Unterzeichnerin,0
Uratstein,1
Ureterotomie,0
Urgewicht,2
Urkundenkassette,0
Urnennische,0
Urolithiasis,0
Urschweizer,1
Uterus,1
Vakuumsystem,2
Validierungsrahmenplan,1
Valleriit,1
Valletta,2
Valvulitis,0
Variablenbelegung,0
Variationsgleichung,0
Vektor-Helium-Magnetometer,2
Velomobil,2
Venezuelawachtel,0
Venturi-Effekt,1
Venuslandschaft,0
Veracruz-Vogelspinne,0
Verankerungsverlust,1
Verarbeitungsanlage,0
Verarbeitungsinstruktion,0
Verarbeitungsmenge,0
Verarbeitungswerkzeug,2
Verbeugungsordnung,0
Verbrauchertest,1
Verbrechensaufklärung,0
Verbundbogen,1
Verdopplung,0
Verfahrensbeschreibung,0
Verfolgungskamera,0
Vergehen,2
Vergnügungshungriger,1
Vergolder,1
Vergoldung,0
Vergütungsstruktur,0
Verhaltensalternative,0
Verismo,1
Verkaufspotenzial,2
Verkehrsaufkommen,2
Verkehrsbelastung,0
Verkehrssektor,1
Verkehrsverbindung,0
Verkehrsverhalten,2
Verkehrswirtschaft,0
Verkehrswissenschaft,0
Verkupferung,0
Verladevorgang,1
Verlagshaus,2
Vermarktungsvertrag,1
Vermietbarkeit,0
Vernehmungsoffizier,1
Verrostungsgrad,1
Versandhandel,1
Verschalung,0
Verschmutzungsproblem,2
Verschrobenheit,0
Versicherungsdarlehen,2
Versicherungsinspektor,1
Versroman,1
Verteilbarkeit,0
Verteilungspolitik,0
Vertikalabweichung,0
Vertragsfirma,0
Vertrauensschutz,1
Vertraulichkeitsklausel,0
Vertretungsunterricht,1
Verunreinigungsgrad,1
Vervielfältigungsmaschine,0
Verwaltungsautonomie,0
Verwandtschaft,0
Verwässerung,0
Verwürfler,1
Verzehntung,0
Vexierfrage,0
Vibrationspumpe,0
Videoüberwachung,0
Viehwaggon,1
Viele-Welten-Interpretation,0
Vielfältigkeit,0
Viererimpuls,1
Vierkammerkreiskolbenpumpe,0
Vierstreifennatter,0
Vierzehen-Landschildkröte,0
Vinaigrette,0
Vinzenzkloster,2
Vitamintherapie,0
Vogeleiersammler,1
Vogelpfeife,0
Vogelschützer,1
Vokalgesang,1
Volksaufstand,1
Volksballade,0
Volksgeist,1
Volkstum,2
Volksverrat,1
Vollbibel,0
Vollblüter,1
Vollmilchschokolade,0
Volvi-Seelaube,0
Vor-Ort-Einsatz,1
Vorausleistung,0
Vorderschaftrepetierer,1
Vorführarbeiter,1
Vorgespräch,2
Vorhangschiene,0
Vorjahr,2
Vorlastreduktion,0
Vorläuferprotein,2
Vormittagsbüfett,2
Vormonat,1
Vorratsmotte,0
Vorstellungsvermögen,2
Vorsteven,1
Vulkanforscher,1
Wabbeligkeit,0
Wachstum,2
Wachtelbohne,0
Wachtfeuer,2
Wade,0
Wagenauslösung,0
Wagner-Rennmaus,0
Wagniskapital,2
Wahlgang,1
Wahlpflichtfach,2
Wahlprozess,1
Waldbau,1
Waldlilie,0
Waldstreifen,1
Wales-Gletscher,1
Waliser,1
Walken,2
Walküre,0
Walnuss-Blatttütenfalter,1
Walnussmilch,0
Wanderfläche,0
Wandertaube,0
Wandertour,0
Wanderungswelle,0
Wandgemälde,2
Warmherzigkeit,0
Warteraum,1
Wartungshandbuch,2
Warzenfortsatzarterie,0
Waschmaschinenlaugenpumpe,0
Wasserballerin,0
Wasserbauer,1
Wassereinbruch,1
Wasserfeder,0
Wasserkalk,1
Wasserkapazität,0
Wasserleitung,0
Wasserschädenversicherung,0
Wasserstoff-Kompensation,0
Wasserstoffdonator,1
Wasserstoffionenexponent,1
Wasserstofftriebwerk,2
Wassertasse,0
Wasserverwaltung,0
Wasserüberschuss,1
Watscheln,2
Webster-Urteil,2
Wechselbürgschaft,0
Wechseldusche,0
Weeksit,1
Wegabweichungsklausel,0
Wehrverfassung,0
Weichensignal,2
Weichgummischlauch,1
Weinart,0
Weingärtner,1
Weinschaum,1
Weinverfälschung,0
Weiterschaltbedingung,0
Weißbauch-Zaunkönig,1
Weißbauchreiher,1
Weißbrauen-Zwergkotinga,0
Weißkehlbussard,1
Weißrand-Drückerfisch,1
Wellenfeld,2
Wellengeschwindigkeit,0
Wellenkamm,1
Welterklärung,0
Weltmeinung,0
Weltnichtrauchertag,1
Weltsicht,0
Weltweisheit,0
Werbesendezeit,0
Werbewirksamkeit,0
Werferschütze,1
Werkfeuerwehrfrau,0
Werkstattauftrag,1
Werkstättenpresse,0
Werkzeugset,2
Wermutkraut,2
Wesensveränderung,0
Westentaschendiktator,1
Western,1
Westfuß,1
Westniederdeutsch,2
Wettender,1
Wetterwarte,0
Wettkämpfer,1
Wichura-Rose,0
Wickelschürze,0
Wicklungsachse,0
Wiederbepflanzung,0
Wiederholeinrichtung,0
Wiederkäufer,1
Wienerastrild,1
Wiesen-Fuchsschwanz,1
Williamsröhrenspeicher,1
Wimpeltyrann,1
Windschutzstreifen,1
Windtunnel,1
Winkelgleichlauffunktion,0
Winkelhebel,1
Wintermücke,0
Winterroggen,1
Wissensgegenstand,1
Wissensstand,1
Witterungsumschlag,1
Wobbelperiode,0
Wochenendfahrkarte,0
Wohnbebauung,0
Wohnraumbedarf,1
Wolkenbasis,0
Wolkenwand,0
Wollhaar,2
Wollkratze,0
Wombat,1
Worcesterporzellan,2
Wortspieler,1
Wrestling,2
Wundballistik,0
Wundruptur,0
Wurfbude,0
Wurfleine,0
Wurzelknoten,1
Wurzelkompressionssyndrom,2
Wurzelzange,0
Wälzegge,0
Wärmeableitelement,2
Wärmeschock,1
Wärmeschutz,1
Wörtergruppe,0
Wüstenrose,0
Zackenhirsch,1
Zadrima-Ebene,0
Zahlenbasis,0
Zahnbehandlungsangst,0
Zahnfleischkrater,1
Zahnschutz,1
Zahnstift,1
Zander-Antennenwels,1
Zarzuela,0
Zauberfee,0
Zehenglied,2
Zehntelmaß,2
Zeichendeutung,0
Zeichenerkennung,0
Zeichenmaterial,2
Zeichennutzungsvertrag,1
Zeichentaste,0
Zeichentrick,1
Zeichnen,2
Zeit-Energie-Unschärferelation,0
Zeitdehneraufnahme,0
Zeitempfinden,2
Zeitfreiheit,0
Zeitparameter,1
Zeitschema,2
Zeitstudie,0
Zeitsynchronisation,0
Zellkommunikation,0
Zentrale,0
Zentrierzapfen,1
Zeolith-Gruppe,0
Zerreißung,0
Zertifizierungsbehörde,0
Zeugnisverweigerungsrecht,2
Zieldatenbank,0
Zieselmaus,0
Zimmererhammer,1
Zimmerkollege,1
Zinkgehalt,1
Zinkphosphat,2
Zinsfreigabe,0
Zisterzienserinnenkloster,2
Zitruspresse,0
Zootierpfleger,1
Zuarbeit,0
Zufallsfund,1
Zufluchtshafen,1
Zufluss,1
Zufriedensheitstabelle,0
Zugbildung,0
Zugeständnis,2
Zugprüfstab,1
Zugverspätung,0
Zuhausebleiben,2
Zumutbarkeit,0
Zurückholen,2
Zurückübertragung,0
Zusatzgeschenk,2
Zuschauerquote,0
Zuträglichkeit,0
Zwangswirtschaft,0
Zweikurbelpumpe,0
Zweipunktregler,1
Zweispännerrennen,2
Zweitbefund,1
Zweiteilung,0
Zwerg-Pippau,1
Zwergbinsenralle,0
Zwergigelkolben,1
Zwerglilie,0
Zwetschgenwasser,2
Zwiebelkuppel,0
Zwiebelpülpe,0
Zwiebelschale,0
Zwischenabschluss,1
Zwischenraumtaste,0
Zwitterchen,2
Zwölfling,1
Zykloidenmassenspektrometrie,0
Zypressenöl,2
Zálesiit,1
Zähltag,1
Ämterhandel,1
Änderungsauftragsfolgeblatt,2
Änderungssatz,1
Ärmelhalter,1
Ätzdruck,1
Öhrchen,2
Ökobewegung,0
Öllack,1
Ölpflanze,0
Ösophagusmykose,0
Ösophagustumor,1
Überbenutzerin,0
Überflusswirtschaft,0
Übergangszustand,1
Übergitter,2
Überlagern,2
Überlaufwehr,2
Übernahmeobjekt,2
Übersetzungsauftrag,1
Übertragungssteuerchip,1
Überzeugungsargument,2
Übungsschießen,2
Übungsstück,2
